0,nospec_no_specifier_test,1595676821,0
1,nospec_empty_string,1595676821,0
2,nospec_some_escaped_chars,1595676821,0
3,nospec_successive_5_5,1595676821,0
4,nospec_successive_2_9,1595676821,0
5,nospec_successive_8_3,1595676821,0
6,pct_basic,1595676821,0
7,pct_5w,1595676821,0
8,pct_5wlj,1595676821,0
9,pct_5wzp,1595676821,0
10,pct_5wljzp,1595676821,0
16,c_allprintable_combined,1595676821,0
17,c_1_31_combined,1595676821,0
18,c_128_255_combined,1595676821,0
19,c_allprintable_width,1595676821,0
20,c_1_31_width,1595676821,0
21,c_128_255_width,1595676821,0
22,c_allprintable_width_lj,1595676821,0
23,c_1_31_width_lj,1595676821,0
24,c_128_255_width_lj,1595676821,0
25,c_nullterm_basic,1595676821,0
26,c_nullterm_5w,1595676821,0
27,c_nullterm_5wlj,1595676821,0
28,s_basic_string_expansion,1595676821,0
29,s_only_string_expansion,1595676821,0
30,s_two_string_expansions,1595676821,0
31,s_two_string_expansions2,1595676821,0
32,s_empty_string_expansion,1595676821,0
33,s_full_then_empty_string,1595676821,0
34,s_empty_then_full_string,1595676821,0
35,s_three_strings,1595676821,0
36,s_space_padded_field_width,1595676821,0
37,s_space_padded_field_width2,1595676821,0
38,s_space_padded_over_field_width,1595676821,0
39,s_space_padded_field_width_lj,1595676821,0
40,s_space_padded_field_width2_lj,1595676821,0
41,s_space_padded_over_field_width_lj,1595676821,0
42,s_string_prec_notrunc,1595676821,0
43,s_string_prec_trunc,1595676821,0
44,s_string_prec_default,1595676821,0
45,s_string_prec_zero,1595676821,0
46,s_two_strings_prec_2trunc,1595676821,0
47,s_two_strings_prec_1trunc_a,1595676821,0
48,s_two_strings_prec_1trunc_b,1595676821,0
49,s_two_strings_prec_0trunc,1595676821,0
50,s_string_prec_width_notrunc,1595676821,0
51,s_string_prec_width_trunc,1595676821,0
52,s_string_prec_width_notrunc_lj,1595676821,0
53,s_string_prec_width_trunc_lj,1595676821,0
54,s_two_s_prec_width_2fit_0trunc,1595676821,0
55,s_two_s_prec_width_1fit_a_0trunc,1595676821,0
56,s_two_s_prec_width_1fit_b_0trunc,1595676821,0
57,s_two_s_prec_width_0fit_0trunc,1595676821,0
58,s_two_s_prec_width_2fit_1trunc_a,1595676821,0
59,s_two_s_prec_width_1fit_a_1trunc_a,1595676821,0
60,s_two_s_prec_width_1fit_b_1trunc_a,1595676821,0
61,s_two_s_prec_width_0fit_1trunc_a,1595676821,0
62,s_two_s_prec_width_2fit_1trunc_b,1595676821,0
63,s_two_s_prec_width_1fit_a_1trunc_b,1595676821,0
64,s_two_s_prec_width_1fit_b_1trunc_b,1595676821,0
65,s_two_s_prec_width_0fit_1trunc_b,1595676821,0
66,s_two_s_prec_width_2fit_2trunc,1595676821,0
67,s_two_s_prec_width_1fit_a_2trunc,1595676821,0
68,s_two_s_prec_width_1fit_b_2trunc,1595676821,0
69,s_two_s_prec_width_0fit_2trunc,1595676821,0
70,s_two_s_prec_width_2trunc,1595676821,0
71,s_two_strings_lj_and_rj,1595676821,0
72,s_two_strings_rj_and_lj,1595676821,0
73,s_null_basic_string_expansion,1595676821,0
74,s_null_only_string_expansion,1595676821,0
75,s_null_space_padded_field_width,1595676821,0
76,s_null_space_padded_over_field_width,1595676821,0
77,s_null_space_padded_field_width_lj,1595676821,0
78,s_null_space_padded_field_width2_lj,1595676821,0
79,s_null_space_padded_over_field_width_lj,1595676821,0
80,s_null_string_prec_notrunc,1595676821,0
81,s_null_string_prec_trunc,1595676821,0
82,s_null_string_prec_default,1595676821,0
83,s_null_string_prec_zero,1595676821,0
84,s_basic_s_hidden,1595676821,0
85,s_width_3_s_hidden,1595676821,0
86,s_width_9_s_hidden,1595676821,0
87,s_prec_no_width_s_hidden,1595676821,0
88,s_prec_9_no_width_s_hidden,1595676821,0
89,s_prec_03_no_width_s_hidden,1595676821,0
90,s_prec_09_no_width_s_hidden,1595676821,0
91,s_prec_03_no_width_s_null,1595676821,0
92,s_prec_09_no_width_s_null,1595676821,0
93,s_prec_00_no_width_s_nullchar,1595676821,0
94,s_prec_01_no_width_s_nullchar,1595676821,0
95,s_prec_03_no_width_s_nullchar,1595676821,0
96,s_prec_09_no_width_s_nullchar,1595676821,0
97,s_prec_0_width_3_s_hidden,1595676821,0
98,s_prec_0_width_10_s_hidden,1595676821,0
99,s_prec_0_width_3_s_null,1595676821,0
100,s_prec_0_width_10_s_null,1595676821,0
101,s_prec_0_width_1_s_nullchar,1595676821,0
102,s_prec_0_width_2_s_nullchar,1595676821,0
103,s_prec_0_width_9_s_nullchar,1595676821,0
104,s_prec_0_lj_width_3_s_hidden,1595676821,0
105,s_prec_0_lj_width_8_s_hidden,1595676821,0
106,s_prec_0_lj_width_3_s_null,1595676821,0
107,s_prec_0_lj_width_8_s_null,1595676821,0
108,s_prec_0_lj_width_1_s_nullchar,1595676821,0
109,s_prec_0_lj_width_2_s_nullchar,1595676821,0
110,s_prec_0_lj_width_6_s_nullchar,1595676821,0
111,s_prec_1_width_3_s_hidden,1595676821,0
112,s_prec_1_width_10_s_hidden,1595676821,0
113,s_prec_1_width_3_s_null,1595676821,0
114,s_prec_1_width_9_s_null,1595676821,0
115,s_prec_1_lj_width_3_s_hidden,1595676821,0
116,s_prec_1_lj_width_10_s_hidden,1595676821,0
117,s_prec_1_lj_width_3_s_null,1595676821,0
118,s_prec_1_lj_width_9_s_null,1595676821,0
119,s_prec_1_lj_width_3_s_nullchar,1595676821,0
120,s_prec_1_lj_width_6_s_nullchar,1595676821,0
121,s_prec_perfect_width_3_s_hidden,1595676821,0
122,s_prec_perfect_width_20_s_hidden,1595676821,0
123,s_prec_perfect_width_3_s_null,1595676821,0
124,s_prec_perfect_width_20_s_null,1595676821,0
125,s_prec_perfect_width_3_s_nullchar,1595676821,0
126,s_prec_perfect_width_6_s_nullchar,1595676821,0
127,s_prec_perfect_lj_width_3_s_hidden,1595676821,0
128,s_prec_perfect_lj_width_20_s_hidden,1595676821,0
129,s_prec_8_lj_width_3_s_hidden,1595676821,0
130,s_prec_8_lj_width_10_s_hidden,1595676821,0
131,s_prec_8_lj_width_3_s_null,1595676821,0
132,s_prec_8_lj_width_10_s_null,1595676821,0
133,s_prec_00_lj_s_hidden_trunc,1595676821,0
134,s_prec_09_lj_s_hidden_notrunc,1595676821,0
173,p_null,1595676821,0
178,p_ftfc_5w_throwswarning,1595676821,0
179,p_basic,1595676821,0
180,p_width_fit,1595676821,0
181,p_width_nofit,1595676821,0
182,p_width_16,1595676821,0
183,p_width_8,1595676821,0
184,p_width_32,1595676821,0
185,p_width_fit_lj,1595676821,0
186,p_width_nofit_lj,1595676821,0
187,p_width_16_lj,1595676821,0
188,p_width_8_lj,1595676821,0
189,p_width_32_lj,1595676821,0
190,d_basic_pos,1595676821,0
191,d_basic_neg,1595676821,0
192,d_basic_zero,1595676821,0
193,d_basic_onlypos,1595676821,0
194,d_basic_onlyneg,1595676821,0
195,d_basic_onlyzero,1595676821,0
196,d_intmax,1595676821,0
197,d_intmin,1595676821,0
198,d_width_pos_fits,1595676821,0
199,d_width_neg_fits,1595676821,0
200,d_width_zero_fits,1595676821,0
201,d_width_pos_exactfit,1595676821,0
202,d_width_neg_exactfit,1595676821,0
203,d_width_pos_nofit,1595676821,0
204,d_width_neg_nofit,1595676821,0
205,d_width_pos_fits_lj,1595676821,0
206,d_width_neg_fits_lj,1595676821,0
207,d_width_zero_fits_lj,1595676821,0
208,d_width_pos_exactfit_lj,1595676821,0
209,d_width_neg_exactfit_lj,1595676821,0
210,d_width_pos_nofit_lj,1595676821,0
211,d_width_neg_nofit_lj,1595676821,0
212,d_prec_fits_pos,1595676821,0
213,d_prec_fits_neg,1595676821,0
214,d_prec_fits_zero,1595676821,0
215,d_prec_exactfit_pos,1595676821,0
216,d_prec_exactfit_neg,1595676821,0
217,d_prec_nofit_pos,1595676821,0
218,d_prec_nofit_neg,1595676821,0
219,d_zp_pos_fits,1595676821,0
220,d_zp_neg_fits,1595676821,0
221,d_zp_zero_fits,1595676821,0
222,d_zp_pos_exactfit,1595676821,0
223,d_zp_neg_exactfit,1595676821,0
224,d_zp_neg_minus1fit,1595676821,0
225,d_prec_width_fit_fit_pos,1595676821,0
226,d_prec_width_fit_fit_neg,1595676821,0
227,d_prec_width_fit_fit_zero,1595676821,0
228,d_prec_width_nofit_fit_pos,1595676821,0
229,d_prec_width_nofit_fit_neg,1595676821,0
230,d_prec_width_fit_nofit_pos,1595676821,0
231,d_prec_width_fit_nofit_neg,1595676821,0
232,d_prec_width_nofit_nofit_pos,1595676821,0
233,d_prec_width_nofit_nofit_neg,1595676821,0
234,d_prec_width_fit_fit_pos_lj,1595676821,0
235,d_prec_width_fit_fit_neg_lj,1595676821,0
236,d_prec_width_fit_fit_zero_lj,1595676821,0
237,d_prec_width_nofit_fit_pos_lj,1595676821,0
238,d_prec_width_nofit_fit_neg_lj,1595676821,0
239,d_prec_width_fit_nofit_pos_lj,1595676821,0
240,d_prec_width_fit_nofit_neg_lj,1595676821,0
241,d_prec_width_nofit_nofit_pos_lj,1595676821,0
242,d_prec_width_nofit_nofit_neg_lj,1595676821,0
243,d_prec_width_ff_pos_zp,1595676821,0
244,d_prec_width_ff_neg_zp,1595676821,0
245,d_prec_width_ff_zero_zp,1595676821,0
246,d_prec_width_nf_pos_zp,1595676821,0
247,d_prec_width_nf_neg_zp,1595676821,0
248,d_prec_width_fn_pos_zp,1595676821,0
249,d_prec_width_fn_neg_zp,1595676821,0
250,d_prec_width_nn_pos_zp,1595676821,0
251,d_prec_width_nn_neg_zp,1595676821,0
252,d_prec_width_ff_pos_lj_zp_ignoreflag,1595676821,0
253,d_prec_width_ff_neg_ljzp_ignoreflag,1595676821,0
254,d_prec_width_ff_zero_ljzp_ignoreflag,1595676821,0
255,d_prec_width_nf_pos_ljzp_ignoreflag,1595676821,0
256,d_prec_width_nf_neg_ljzp_ignoreflag,1595676821,0
257,d_prec_width_fn_pos_ljzp_ignoreflag,1595676821,0
258,d_prec_width_fn_neg_ljzp_ignoreflag,1595676821,0
259,d_prec_width_nn_pos_ljzp_ignoreflag,1595676821,0
260,d_prec_width_nn_neg_ljzp_ignoreflag,1595676821,0
261,d_prec0val0_basic,1595676821,0
262,d_prec0val0_implicit,1595676821,0
263,d_prec0val0_w,1595676821,0
264,d_prec0val0_w_impl,1595676821,0
265,d_prec0val0_wlj,1595676821,0
266,d_prec0val0_wlj_impl,1595676821,0
267,i_basic_pos,1595676821,0
268,i_basic_neg,1595676821,0
269,i_basic_zero,1595676821,0
270,i_basic_onlypos,1595676821,0
271,i_basic_onlyneg,1595676821,0
272,i_basic_onlyzero,1595676821,0
273,i_intmax,1595676821,0
274,i_intmin,1595676821,0
275,i_width_pos_fits,1595676821,0
276,i_width_neg_fits,1595676821,0
277,i_width_zero_fits,1595676821,0
278,i_width_pos_exactfit,1595676821,0
279,i_width_neg_exactfit,1595676821,0
280,i_width_pos_nofit,1595676821,0
281,i_width_neg_nofit,1595676821,0
282,i_width_pos_fits_lj,1595676821,0
283,i_width_neg_fits_lj,1595676821,0
284,i_width_zero_fits_lj,1595676821,0
285,i_width_pos_exactfit_lj,1595676821,0
286,i_width_neg_exactfit_lj,1595676821,0
287,i_width_pos_nofit_lj,1595676821,0
288,i_width_neg_nofit_lj,1595676821,0
289,i_prec_fits_pos,1595676821,0
290,i_prec_fits_neg,1595676821,0
291,i_prec_fits_zero,1595676821,0
292,i_prec_exactfit_pos,1595676821,0
293,i_prec_exactfit_neg,1595676821,0
294,i_prec_nofit_pos,1595676821,0
295,i_prec_nofit_neg,1595676821,0
296,i_zp_pos_fits,1595676821,0
297,i_zp_neg_fits,1595676821,0
298,i_zp_zero_fits,1595676821,0
299,i_zp_pos_exactfit,1595676821,0
300,i_zp_neg_exactfit,1595676821,0
301,i_zp_neg_minus1fit,1595676821,0
302,i_prec_width_fit_fit_pos,1595676821,0
303,i_prec_width_fit_fit_neg,1595676821,0
304,i_prec_width_fit_fit_zero,1595676821,0
305,i_prec_width_nofit_fit_pos,1595676821,0
306,i_prec_width_nofit_fit_neg,1595676821,0
307,i_prec_width_fit_nofit_pos,1595676821,0
308,i_prec_width_fit_nofit_neg,1595676821,0
309,i_prec_width_nofit_nofit_pos,1595676821,0
310,i_prec_width_nofit_nofit_neg,1595676821,0
311,i_prec_width_fit_fit_pos_lj,1595676821,0
312,i_prec_width_fit_fit_neg_lj,1595676821,0
313,i_prec_width_fit_fit_zero_lj,1595676821,0
314,i_prec_width_nofit_fit_pos_lj,1595676821,0
315,i_prec_width_nofit_fit_neg_lj,1595676821,0
316,i_prec_width_fit_nofit_pos_lj,1595676821,0
317,i_prec_width_fit_nofit_neg_lj,1595676821,0
318,i_prec_width_nofit_nofit_pos_lj,1595676821,0
319,i_prec_width_nofit_nofit_neg_lj,1595676821,0
320,i_prec_width_ff_pos_zp,1595676821,0
321,i_prec_width_ff_neg_zp,1595676821,0
322,i_prec_width_ff_zero_zp,1595676821,0
323,i_prec_width_nf_pos_zp,1595676821,0
324,i_prec_width_nf_neg_zp,1595676821,0
325,i_prec_width_fn_pos_zp,1595676821,0
326,i_prec_width_fn_neg_zp,1595676821,0
327,i_prec_width_nn_pos_zp,1595676821,0
328,i_prec_width_nn_neg_zp,1595676821,0
329,i_prec_width_ff_pos_lj_zp_ignoreflag,1595676821,0
330,i_prec_width_ff_neg_ljzp_ignoreflag,1595676821,0
331,i_prec_width_ff_zero_ljzp_ignoreflag,1595676821,0
332,i_prec_width_nf_pos_ljzp_ignoreflag,1595676821,0
333,i_prec_width_nf_neg_ljzp_ignoreflag,1595676821,0
334,i_prec_width_fn_pos_ljzp_ignoreflag,1595676821,0
335,i_prec_width_fn_neg_ljzp_ignoreflag,1595676821,0
336,i_prec_width_nn_pos_ljzp_ignoreflag,1595676821,0
337,i_prec_width_nn_neg_ljzp_ignoreflag,1595676821,0
338,i_prec0val0_basic,1595676821,0
339,i_prec0val0_implicit,1595676821,0
340,i_prec0val0_w,1595676821,0
341,i_prec0val0_w_impl,1595676821,0
342,i_prec0val0_wlj,1595676821,0
343,i_prec0val0_wlj_impl,1595676821,0
344,u_basic_pos,1595676821,0
345,u_basic_zero,1595676821,0
346,u_basic_onlypos,1595676821,0
347,u_uintmax,1595676821,0
348,u_width_pos_fits,1595676821,0
349,u_width_zero_fits,1595676821,0
350,u_width_pos_exactfit,1595676821,0
351,u_width_pos_nofit,1595676821,0
352,u_width_pos_fits_lj,1595676821,0
353,u_width_zero_fits_lj,1595676821,0
354,u_width_pos_exactfit_lj,1595676821,0
355,u_width_pos_nofit_lj,1595676821,0
356,u_prec_fits_pos,1595676821,0
357,u_prec_fits_zero,1595676821,0
358,u_prec_exactfit_pos,1595676821,0
359,u_prec_nofit_pos,1595676821,0
360,u_zp_pos_fits,1595676821,0
361,u_zp_zero_fits,1595676821,0
362,u_zp_pos_exactfit,1595676821,0
363,u_prec_width_fit_fit_pos,1595676821,0
364,u_prec_width_fit_fit_zero,1595676821,0
365,u_prec_width_nofit_fit_pos,1595676821,0
366,u_prec_width_fit_nofit_pos,1595676821,0
367,u_prec_width_nofit_nofit_pos,1595676821,0
368,u_prec_width_fit_fit_pos_lj,1595676821,0
369,u_prec_width_fit_fit_zero_lj,1595676821,0
370,u_prec_width_nofit_fit_pos_lj,1595676821,0
371,u_prec_width_fit_nofit_pos_lj,1595676821,0
372,u_prec_width_nofit_nofit_pos_lj,1595676821,0
373,u_prec_width_ff_pos_zp,1595676821,0
374,u_prec_width_ff_zero_zp,1595676821,0
375,u_prec_width_nf_pos_zp,1595676821,0
376,u_prec_width_fn_pos_zp,1595676821,0
377,u_prec_width_nn_pos_zp,1595676821,0
378,u_prec_width_ff_pos_ljzp_ignoreflag,1595676821,0
379,u_prec_width_ff_zero_ljzp_ignoreflag,1595676821,0
380,u_prec_width_nf_pos_ljzp_ignoreflag,1595676821,0
381,u_prec_width_fn_pos_ljzp_ignoreflag,1595676821,0
382,u_prec_width_nn_pos_ljzp_ignoreflag,1595676821,0
383,u_prec0val0_basic,1595676821,0
384,u_prec0val0_implicit,1595676821,0
385,u_prec0val0_w,1595676821,0
386,u_prec0val0_w_impl,1595676821,0
387,u_prec0val0_wlj,1595676821,0
388,u_prec0val0_wlj_impl,1595676821,0
389,x_basic_pos,1595676821,0
390,x_basic_zero,1595676821,0
391,x_basic_onlypos,1595676821,0
392,x_hexlmax,1595676821,0
393,x_width_pos_fits,1595676821,0
394,x_width_zero_fits,1595676821,0
395,x_width_pos_exactfit,1595676821,0
396,x_width_pos_nofit,1595676821,0
397,x_width_pos_fits_lj,1595676821,0
398,x_width_zero_fits_lj,1595676821,0
399,x_width_pos_exactfit_lj,1595676821,0
400,x_width_pos_nofit_lj,1595676821,0
401,x_prec_fits_pos,1595676821,0
402,x_prec_fits_zero,1595676821,0
403,x_prec_exactfit_pos,1595676821,0
404,x_prec_nofit_pos,1595676821,0
405,x_zp_pos_fits,1595676821,0
406,x_zp_zero_fits,1595676821,0
407,x_zp_pos_exactfit,1595676821,0
408,x_prec_width_fit_fit_pos,1595676821,0
409,x_prec_width_fit_fit_zero,1595676821,0
410,x_prec_width_nofit_fit_pos,1595676821,0
411,x_prec_width_fit_nofit_pos,1595676821,0
412,x_prec_width_nofit_nofit_pos,1595676821,0
413,x_prec_width_fit_fit_pos_lj,1595676821,0
414,x_prec_width_fit_fit_zero_lj,1595676821,0
415,x_prec_width_nofit_fit_pos_lj,1595676821,0
416,x_prec_width_fit_nofit_pos_lj,1595676821,0
417,x_prec_width_nofit_nofit_pos_lj,1595676821,0
418,x_prec_width_ff_pos_zp,1595676821,0
419,x_prec_width_ff_zero_zp,1595676821,0
420,x_prec_width_nf_pos_zp,1595676821,0
421,x_prec_width_fn_pos_zp,1595676821,0
422,x_prec_width_nn_pos_zp,1595676821,0
423,x_prec_width_ff_pos_ljzp_ignoreflag,1595676821,0
424,x_prec_width_ff_zero_ljzp_ignoreflag,1595676821,0
425,x_prec_width_nf_pos_ljzp_ignoreflag,1595676821,0
426,x_prec_width_fn_pos_ljzp_ignoreflag,1595676821,0
427,x_prec_width_nn_pos_ljzp_ignoreflag,1595676821,0
428,x_prec0val0_basic,1595676821,0
429,x_prec0val0_implicit,1595676821,0
430,x_prec0val0_w,1595676821,0
431,x_prec0val0_w_impl,1595676821,0
432,x_prec0val0_wlj,1595676821,0
433,x_prec0val0_wlj_impl,1595676821,0
434,X_basic_hexu_pos,1595676821,0
435,X_basic_hexu_zero,1595676821,0
436,X_basic_hexu_onlypos,1595676821,0
437,X_hexumax,1595676821,0
438,X_width_pos_fits,1595676821,0
439,X_width_zero_fits,1595676821,0
440,X_width_pos_exactfit,1595676821,0
441,X_width_pos_nofit,1595676821,0
442,X_width_pos_fits_lj,1595676821,0
443,X_width_zero_fits_lj,1595676821,0
444,X_width_pos_exactfit_lj,1595676821,0
445,X_width_pos_nofit_lj,1595676821,0
446,X_prec_fits_pos,1595676821,0
447,X_prec_fits_zero,1595676821,0
448,X_prec_exactfit_pos,1595676821,0
449,X_prec_nofit_pos,1595676821,0
450,X_zp_pos_fits,1595676821,0
451,X_zp_zero_fits,1595676821,0
452,X_zp_pos_exactfit,1595676821,0
453,X_prec_width_fit_fit_pos,1595676821,0
454,X_prec_width_fit_fit_zero,1595676821,0
455,X_prec_width_nofit_fit_pos,1595676821,0
456,X_prec_width_fit_nofit_pos,1595676821,0
457,X_prec_width_nofit_nofit_pos,1595676821,0
458,X_prec_width_fit_fit_pos_lj,1595676821,0
459,X_prec_width_fit_fit_zero_lj,1595676821,0
460,X_prec_width_nofit_fit_pos_lj,1595676821,0
461,X_prec_width_fit_nofit_pos_lj,1595676821,0
462,X_prec_width_nofit_nofit_pos_lj,1595676821,0
463,X_prec_width_ff_pos_zp,1595676821,0
464,X_prec_width_ff_zero_zp,1595676821,0
465,X_prec_width_nf_pos_zp,1595676821,0
466,X_prec_width_fn_pos_zp,1595676821,0
467,X_prec_width_nn_pos_zp,1595676821,0
468,X_prec_width_ff_pos_ljzp_ignoreflag,1595676821,0
469,X_prec_width_ff_zero_ljzp_ignoreflag,1595676821,0
470,X_prec_width_nf_pos_ljzp_ignoreflag,1595676821,0
471,X_prec_width_fn_pos_ljzp_ignoreflag,1595676821,0
472,X_prec_width_nn_pos_ljzp_ignoreflag,1595676821,0
473,X_prec0val0_basic,1595676821,0
474,X_prec0val0_implicit,1595676821,0
475,X_prec0val0_w,1595676821,0
476,X_prec0val0_w_impl,1595676821,0
477,X_prec0val0_wlj,1595676821,0
478,X_prec0val0_wlj_impl,1595676821,0
479,new2019_star_1,1595676821,0
480,new2019_star_2,1595676821,0
481,new2019_star_3,1595676821,0
482,new2019_star_4,1595676821,0
483,new2019_star_5,1595676821,0
484,new2019_star_6,1595676821,0
485,new2019_star_7,1595676821,0
486,new2019_star_8,1595676821,0
487,new2019_star_9,1595676821,0
488,new2019_star_10,1595676821,0
489,new2019_negstar_1,1595676821,0
490,new2019_negstar_2,1595676821,0
491,new2019_negstar_3,1595676821,0
492,new2019_negstar_4,1595676821,0
493,new2019_negstar_5,1595676821,0
494,new2019_negstar_6,1595676821,0
495,new2019_negstar_7,1595676821,0
496,new2019_negstar_8,1595676821,0
497,new2019_negstar_9,1595676821,0
548,moul_c_1,1595676821,0
549,moul_c_2,1595676821,0
550,moul_c_3,1595676821,0
551,moul_c_4,1595676821,0
552,moul_c_5,1595676821,0
553,moul_c_5b,1595676821,0
554,moul_c_6,1595676821,0
555,moul_c_7,1595676821,0
556,moul_c_8,1595676821,0
557,moul_c_9,1595676821,0
558,moul_c_10,1595676821,0
559,moul_c_11,1595676821,0
560,moul_c_12,1595676821,0
561,moul_c_13,1595676821,0
562,moul_c_14,1595676821,0
563,moul_c_15,1595676821,0
564,moul_c_16,1595676821,0
565,moul_c_17,1595676821,0
566,moul_c_18,1595676821,0
567,moul_c_19,1595676821,0
568,moul_c_20,1595676821,0
569,moul_c_21,1595676821,0
570,moul_c_22,1595676821,0
571,moul_c_23,1595676821,0
572,moul_c_24,1595676821,0
573,moul_c_25,1595676821,0
574,moul_c_26,1595676821,0
575,moul_c_27,1595676821,0
576,moul_c_28,1595676821,0
577,moul_s_1,1595676821,0
578,moul_s_2,1595676821,0
579,moul_s_3,1595676821,0
580,moul_s_4,1595676821,0
581,moul_s_5_this_ones_a_doozy,1595676821,0
582,moul_d_1,1595676821,0
583,moul_d_2,1595676821,0
584,moul_d_3,1595676821,0
585,moul_d_4,1595676821,0
586,moul_d_5,1595676821,0
587,moul_d_6,1595676821,0
588,moul_d_7,1595676821,0
589,moul_d_8,1595676821,0
590,moul_d_9,1595676821,0
591,moul_d_10,1595676821,0
592,moul_d_11,1595676821,0
593,moul_d_12,1595676821,0
594,moul_mix_1,1595676821,0
595,moul_i_1,1595676821,0
596,moul_i_2,1595676821,0
597,moul_i_3,1595676821,0
598,moul_i_4,1595676821,0
599,moul_i_5,1595676821,0
600,moul_i_6,1595676821,0
601,moul_i_7,1595676821,0
602,moul_i_8,1595676821,0
603,moul_i_9,1595676821,0
604,moul_i_10,1595676821,0
605,moul_i_11,1595676821,0
606,moul_i_12,1595676821,0
607,moul_u_1,1595676821,0
608,moul_u_2,1595676821,0
609,moul_u_3,1595676821,0
610,moul_u_4,1595676821,0
611,moul_u_5,1595676821,0
612,moul_u_6,1595676821,0
613,moul_u_7,1595676821,0
614,moul_u_8,1595676821,0
615,moul_u_9,1595676821,0
616,moul_u_10,1595676821,0
617,moul_u_11,1595676821,0
618,moul_u_12,1595676821,0
619,moul_x_1,1595676821,0
620,moul_x_2,1595676821,0
621,moul_x_3,1595676821,0
622,moul_x_4,1595676821,0
623,moul_x_5,1595676821,0
624,moul_x_6,1595676821,0
625,moul_x_7,1595676821,0
626,moul_x_8,1595676821,0
627,moul_x_9,1595676821,0
628,moul_x_10,1595676821,0
629,moul_x_11,1595676821,0
630,moul_x_12,1595676821,0
631,moul_prec_1,1595676821,0
632,moul_prec_3,1595676821,0
633,moul_prec_4,1595676821,0
634,moul_prec_5,1595676821,0
635,moul_zeropad_1,1595676821,0
636,moul_zeropad_2,1595676821,0
637,moul_zeropad_3,1595676821,0
638,moul_zeropad_4,1595676821,0
639,moul_leftjusty_1,1595676821,0
640,moul_leftjusty_2,1595676821,0
641,moul_leftjusty_3,1595676821,0
642,moul_leftjusty_4,1595676821,0
643,moul_leftjusty_5,1595676821,0
644,moul_leftjusty_6,1595676821,0
645,moul_leftjusty_7,1595676821,0
646,moul_star_1,1595676821,0
647,moul_star_2,0,1595676821
648,moul_star_3,1595676821,0
649,moul_star_4,1595676821,0
650,moul_star_5,1595676821,0
651,mix_test_0,1595676821,0
652,mix_test_1,1595676821,0
653,mix_test_2,1595676821,0
654,mix_test_3,1595676821,0
655,mix_test_4,1595676821,0
656,mix_test_5,1595676821,0
657,mix_test_6,1595676821,0
658,mix_test_7,1595676821,0
659,mix_test_8,1595676821,0
660,mix_test_9,1595676821,0
661,mix_test_10,1595676821,0
662,mix_test_11,1595676821,0
663,mix_test_12,1595676821,0
664,mix_test_13,1595676821,0
665,mix_test_14,1595676821,0
666,mix_test_15,1595676821,0
667,mix_test_16,1595676821,0
668,mix_test_17,1595676821,0
669,mix_test_18,1595676821,0
670,mix_test_19,1595676821,0
671,mix_test_20,1595676821,0
672,mix_test_21,1595676821,0
673,mix_test_22,1595676821,0
674,mix_test_23,1595676821,0
675,mix_test_24,1595676821,0
676,mix_test_25,1595676821,0
677,mix_test_26,1595676821,0
678,mix_test_27,1595676821,0
679,mix_test_28,1595676821,0
680,mix_test_29,1595676821,0
681,mix_test_30,1595676821,0
682,mix_test_31,1595676821,0
683,mix_test_32,1595676821,0
684,mix_test_33,1595676821,0
685,mix_test_34,1595676821,0
686,mix_test_35,1595676821,0
687,mix_test_36,1595676821,0
688,mix_test_37,1595676821,0
689,mix_test_38,1595676821,0
690,mix_test_39,1595676821,0
691,mix_test_40,1595676821,0
692,mix_test_41,1595676821,0
693,mix_test_42,1595676821,0
694,mix_test_43,1595676821,0
695,mix_test_44,1595676821,0
696,mix_test_45,1595676821,0
697,mix_test_46,1595676821,0
698,mix_test_47,1595676821,0
699,mix_test_48,1595676821,0
700,mix_test_49,1595676821,0
701,mix_test_50,1595676821,0
702,mix_test_51,1595676821,0
703,mix_test_52,1595676821,0
704,mix_test_53,1595676821,0
705,mix_test_54,1595676821,0
706,mix_test_55,1595676821,0
707,mix_test_56,1595676821,0
708,mix_test_57,1595676821,0
709,mix_test_58,1595676821,0
710,mix_test_59,1595676821,0
711,mix_test_60,1595676821,0
712,mix_test_61,1595676821,0
713,mix_test_62,1595676821,0
714,mix_test_63,1595676821,0
715,mix_test_64,1595676821,0
716,mix_test_65,1595676821,0
717,mix_test_66,1595676821,0
718,mix_test_67,1595676821,0
719,mix_test_68,1595676821,0
720,mix_test_69,1595676821,0
721,mix_test_70,1595676821,0
722,mix_test_71,1595676821,0
723,mix_test_72,1595676821,0
724,mix_test_73,1595676821,0
725,mix_test_74,1595676821,0
726,mix_test_75,1595676821,0
727,mix_test_76,1595676821,0
728,mix_test_77,1595676821,0
729,mix_test_78,1595676821,0
730,mix_test_79,1595676821,0
731,mix_test_80,1595676821,0
732,mix_test_81,1595676821,0
733,mix_test_82,1595676821,0
734,mix_test_83,1595676821,0
735,mix_test_84,1595676821,0
736,mix_test_85,1595676821,0
737,mix_test_86,1595676821,0
738,mix_test_87,1595676821,0
739,mix_test_88,1595676821,0
740,mix_test_89,1595676821,0
741,mix_test_90,1595676821,0
742,mix_test_91,1595676821,0
743,mix_test_92,1595676821,0
744,mix_test_93,1595676821,0
745,mix_test_94,1595676821,0
746,mix_test_95,1595676821,0
747,mix_test_96,1595676821,0
748,mix_test_97,1595676821,0
749,mix_test_98,1595676821,0
750,mix_test_99,1595676821,0
751,mix_successive_0,1595676821,0
752,mix_successive_4,1595676821,0
753,mix_successive_6,1595676821,0
754,mix_successive_10,1595676821,0
755,mix_successive_16,1595676821,0
756,mix_successive_20,1595676821,0
757,mix_successive_21,1595676821,0
758,mix_successive_28,1595676821,0
759,mix_successive_30,1595676821,0
760,mix_successive_31,1595676821,0
761,mix_successive_32,1595676821,0
762,mix_successive_39,1595676821,0
763,mix_successive_40,1595676821,0
764,mix_successive_42,1595676821,0
765,mix_successive_43,1595676821,0
766,mix_successive_45,1595676821,0
767,mix_successive_46,1595676821,0
768,mix_successive_61,1595676821,0
769,mix_successive_64,1595676821,0
4186,d_neg_prec_star_01,1595676821,0
4187,d_neg_prec_star_02,1595676821,0
4188,d_neg_prec_star_03,1595676821,0
4189,u_neg_prec_star_01,1595676821,0
4190,u_neg_prec_star_02,1595676821,0
4191,u_neg_prec_star_03,1595676821,0
4192,notintsubject_o_neg_prec_star_01,0,1595676821
4193,notintsubject_o_neg_prec_star_02,0,1595676821
4194,notintsubject_o_neg_prec_star_03,0,1595676821
4195,x_neg_prec_star_01,1595676821,0
4196,x_neg_prec_star_02,1595676821,0
4197,x_neg_prec_star_03,1595676821,0
4198,X_neg_prec_star_01,1595676821,0
4199,X_neg_prec_star_02,1595676821,0
4200,X_neg_prec_star_03,1595676821,0
4201,s_neg_prec_star_01,1595676821,0
4202,s_neg_prec_star_02,1595676821,0
4203,p_neg_prec_star_01,1595676821,0
4204,p_neg_prec_star_02,1595676821,0
4205,p_neg_prec_star_03,1595676821,0
4206,p_neg_prec_star_04,1595676821,0
